Code,Name,Purchase Price,Tax,Retail Price,Category Code
1,Sardina calmex salsa de tomate 425gr,,0,28,13
2,Sardina ponto en aceite 120gr,,0,0,13
3,Atun dolores en agua 295gr,,0,0,13
4,Atun dolores en aceite 295gr,,0,0,13
5,Atun dolores en agua 140gr,,0,17,13
6,Atun dolores en aceite 140gr,,0,17,13
7,Sardina yavaros en salsa de tomate 425gr,,0,27,13
8,Papel higienico Quiality,,0,8,13
9,Papel higienico Petalo Jumbo,,0,25,13
10,NESCAFE CLASICO 14GR SOBRE,,0,10,13
11,Papel Higienico Regio 400 HJS,,0,24,13
12,Aceite 1-2-3 1 lt,,0,30,13
13,Aceite 1-2-3 500ml,,0,15,13
14,Aceite Nutrioli 946 ML,,0,30,13
15,Aceite Cristal 500ml,,0,15,13
16,Aceite Cristal 1 lt,,0,29,13
17,Aceite capullo 840ml,,0,30,13
18,Nescafe clasico sobre 28 gr,,0,16,13
19,Cafe Oro 24 kilates 75gr,,0,0,13
20,Nescafe 42gr soluble,,0,21,13
21,Nescafe 120gr soluble,,0,52,13
22,Nescafe 225gr soluble,,0,85,13
23,Cafe decaf 48gr soluble,,0,36,13
24,Nescafe decaf 95gr soluble,,0,0,13
25,Cafe legal sobre 30gr,,0,7,13
26,Cafe legal con canela sobre 34gr,,0,8,13
27,Maruchan instantanea camaron 64gr,,0,9,13
28,Maruchan Instantanea camaron con chile piquin 64gr,,0,9,13
29,Maruchan Instantanea camaron con limon y habanero 64gr,,0,9,13
30,Maruchan instantanea pollo 64gr,,0,9,13
31,Maruchan instantanea res 64gr,,0,9,13
32,Spaguetti la moderna 200gr,,0,5,13
33,Pasta la Moderna Fideo #2 200gr,,0,5,13
34,Pasta la Moderna Fideo #1 200gr,,0,5,13
35,Pasta la Moderna Fideo #0 200gr,,0,5,13
36,Pasta la moderna lengua 200gr,,0,5,13
37,Pasta la moderna Tallarin #1 200gr,,0,5,13
38,Pasta la Moderna Almeja 200gr,,0,5,13
39,Pasta la Moderna Moño mediano 200gr,,0,5,13
40,Pasta la moderna caracol #1 200gr,,0,5,13
41,Pasta la moderna macarron 200gr,,0,5,13
42,Pasta la moderna Estrella 200gr,,0,5,13
43,Pasta la Moderna Codo #2 200gr,,0,5,13
44,Pasta la Moderna Codo #3 200gr,,0,5,13
45,Palomitas act ii caramelo,,0,18,13
46,Palomitas act ii mantequilla,,0,10,13
47,Palomitas actii extra mantequilla,,0,10,13
48,Palomitas act ii natural 80gr,,0,10,13
49,Palomitas act ii chile y limon,,0,10,13
50,shampoo head shoulders L.R. 1 lt,,0,0,16
51,shampoo head shoulders L.R. 375ml,,0,52,16
52,shampoo head shoulders MEN 90ml,,0,15,16
53,shampoo head shoulders C.C. 500ML,,0,0,16
54,shampoo head shoulders sobre 10ml,,0,3,16
55,Shampoo Pantene 1 lt,,0,0,16
56,Shampoo Pantene 90ml,,0,15,16
57,Shampoo savile 1.2 lt,,0,0,16
58,Shampoo Savile Sobre,,0,3,16
59,Shampoo Pantene Sobre,,0,3,16
60,Shampoo Sedal sobre,,0,3,16
61,Shampoo Savile 750ml,,0,50,16
62,Desodorante Axe Spray Apollo 150ml,,0,50,16
63,Desodorante Axe Spray gold temptation 150ml,,0,50,16
64,Desodorante Axe Spray Dark Temptation 150ml,,0,50,16
65,Desodorante Axe Spray Black 150ml,,0,50,16
66,Desodorante Axe Spray Black Night 150ml,,0,50,16
67,Desodorante Axe Spray Excite 150ml,,0,50,16
68,Desodorante Axe Spray Peace 150ml,,0,50,16
69,Desodorante barra Lady speed stick invisible,,0,0,16
70,Desodorante Barra Dove Original,,0,0,16
71,Nivea Aerosol Aclarado natural 150ml,,0,55,16
72,Desodorante Rexona Men 50ml,,0,20,16
73,Desodorante Rexona Mujer M. S.  50ml,,0,0,16
74,Desodorante Rexona Women Cotton 50ml,,0,0,16
75,Desodorante Gillete Endurece 82gr,,0,60,16
76,Desororante Jovan Musk For Men 70gr,,0,55,16
77,Crema Para Peinar Sedal Liso perfecto 300ml,,0,45,16
78,Crema Para Peinar Sedal Restauracion 300ml,,0,45,16
79,Crema Para Peinar Sedal Hidratacion Antinudos 300ml,,0,45,16
80,Crema Para Peinar Sedal Hidratacion ligera 300ml,,0,45,16
81,Crema Para Peinar Sedal Rizos Definidos 300ml,,0,45,16
82,Crema Para Peinar Sedal Ceramidas 300ml,,0,45,16
83,Arroz SOS Grueso Super extra 1kg,,0,0,13
84,Arroz SOS Super extra Largo 1kg,,0,0,13
85,Arroz Super extra Verde Valle 1kg,,0,0,13
86,Arroz morelos tipo sinaloa 1kg,,0,0,13
87,Sazonador mi arroz rojo sobre,,0,0,13
88,Sazonador Mi arroz blanco sobre,,0,0,13
89,Arroz Instantaneo Blanco Knorr 155gr,,0,0,13
90,Arroz Instantaneo Knorr Con tomate 155gr,,0,0,13
91,Knorr Suiza Caldo de Pollo 2 cubos,,0,0,13
92,Knorr tomate 2 cubos,,0,0,13
93,Knorr Suiza Caldo de pollo Frasco 100gr,,0,0,13
94,TAJIN POLVO FRASCO 142GR.,,0,0,13
95,Tajin Polvo Sobre 4gr,,0,0,13
96,Frijoles enteros la costeña 560gr,,0,0,13
97,Frijoles enteros la costeña bolsa 460gr,,0,0,13
98,Frojiles bayos la costeña 560gr,,0,0,13
99,Frijoles bayos enteros la costeña bolsa 460gr,,0,0,13
100,Frijoles Bayos refritos la costeña bolsa 430gr,,0,0,13
101,Frijoles Refritos peruanos la costeña bolsa 430gr,,0,0,13
102,Frijoles refritos negros la costeña bolsa 430gr,,0,0,13
103,Frijoles bayos refritos la costeña 580gr,,0,0,13
104,Frijoles negros refritos la costeña 580gr,,0,0,13
105,Frijoles La sierra Bayos Refritos 580gr,,0,0,13
106,Frijoles La sierra negros refritos 580gr,,0,0,13
107,Frijoles La sierra refritos bayos bolsa 430gr,,0,0,13
108,Frijoles La sierra Negros Refritos bolsa 430gr,,0,0,13
109,Frijoles Isadora Bayos Refritos bolsa 430gr,,0,0,13
110,Frijoles Isadora negros refritos bolsa 430gr,,0,0,13
111,Frijoles Refritos Peruanos Isadora bolsa 430gr,,0,0,13
112,Encendedor tokai,,0,0,13
113,Mole doña maria Tetrabrick 270 gr.,,0,0,13
114,Mole doña maria Tetrabrick 540 gr.,,0,0,13
115,Mole doña maria en pasta frasco 235gr,,0,0,13
116,Mole doña maria en pasta frasco 375gr,,0,0,13
117,Mole rojo Doña Chonita 350gr,,0,0,13
118,Adobo Doña chonita 350gr,,0,0,13
119,Salsa chile guajillo doña chonita 350gr,,0,0,13
120,Caldillo tomate verde doña chonita 350gr,,0,0,13
121,Salsa chile pasilla doña chonita 350gr,,0,0,13
122,Mole verde doña chonita 350gr,,0,0,13
123,Pipian doña chonita 350gr,,0,0,13
124,Pañal Mediano suavelastic max pza,,0,0,16
125,Pañal grande suavelastic max pza,,0,0,16
126,Pañal Jumbo suavelactic max pza,,0,0,16
127,Toallitas humedas suavelastic max 50 pzas,,0,0,16
128,Toallitas Humedas suavelastic max 100 pzas,,0,0,16
129,Alpura deslactosada 1 lt,,0,0,18
130,Alpura Deslactosada light 1 lt,,0,0,18
131,Alpura light 1 lt,,0,0,18
132,Alpura semi 1 lt,,0,0,18
133,Alpura clasica 1 lt,,0,0,18
134,nutri leche 1 lt,,0,0,18
135,Nutri leche bolsa 1 lt,,0,0,18
136,Nutri leche deslactosada 1 lt,,0,0,18
137,Jabon tocador zets Frescura 150gr,,0,0,13
138,Jabon tocador palmolive neutro balance 150gr,,0,0,13
139,Jabon tocador neutro grisi 150gr,,0,0,13
140,Jabon tocador palmolive naturals 160gr,,0,0,13
141,Jabon tocador camay clasico 150gr,,0,0,13
142,Jabon tocador escudo proteccion y cuidado 160gr,,0,0,13
143,Jabon tocador dove blanco 135gr,,0,0,13
144,Kleenex de bolsillo,,0,0,16
145,Rexona Men Sportfan 150ml,,0,50,16
146,Rexona Bamboo 150ml,,0,52,16
147,Sal La Fina bote refinada fluorada 1 kg,,0,0,13
148,Sal la fina 1 kg,,0,10,13
149,Carnation clavel original 360g,,0,0,13
150,Carnation Clavel Nestlé Tetrapack 1 lt,,0,0,13
151,Nestlé La Lechera original 387 g,,0,19,13
152,La lecherita nestle 100gr,,0,11,13
153,Media crema nestle 225gr,,0,12,13
154,Nestlé La Lechera sirve fácil 335 g,,0,0,13
155,Azucar estandar 1 kg,,0,19,13
156,Sustituto de azucar splenda sobre,,0,0.5,13
157,Salsa valentina negra 370ml,,0,11,13
158,Salsa valentina amarilla 370ml,,0,10,13
159,Salsa valentina amarilla 1 lt,,0,20,13
160,Salsa valentina negra 1lt,,0,20,13
161,Salsa Botanera 1 Lt.,,0,0,13
162,Salsa botanera 370ml,,0,0,13
163,Harina de Maiz 1 Kg. Minsa,,0,13,13
164,Harina de maiz Maseca 1 kg,,0,14,13
165,Harina de trigo tres estrellas 1 kg,,0,15,13
166,Harina de trigo integral 3 estrellas 1 kg,,0,0,13
167,La Moderna Harina Trigo 1 Kg,,0,15,13
168,Harina de arros 3 estrellas 250gr,,0,0,13
169,Harina de arroz 3 estrellas 500gr,,0,0,13
170,Harina para hotcakes gamesa 850gr,,0,0,13
171,Harina para hotcakes 3 estrellas 900gr,,0,0,13
172,Crema para Cafe Coffe Mate 160gr,,0,0,13
173,Crema para Cafe Coffe Mate sobre,,0,7,13
174,CHOCO MILK SOBRE 22GR,,0,4,13
175,CHOCO MILK 160GR SOBRE,,0,18,13
176,CHOCOMILK 400GR BOTE,,0,0,13
177,CHOCOMILK 375GR BOLSA,,0,0,13
178,Chocolate en polvo Nesquik 200 gr,,0,0,13
179,Malteada Nesquik chocolate,,0,9,18
180,malteada chocolate carlos V,,0,9,18
181,Chocolate abuelita barra,,0,10,13
182,Chocolate ibarra barra,,0,10,13
183,Chocolate morelia 357gr bolsa,,0,0,13
184,Chocolate Morelia 155gr bolsa,,0,0,13
185,Lentejas abeto 500gr,,0,10,13
186,Maiz palomero Abeto bolsa 250gr,,0,6,13
187,Aceitunas sin hueso la costeña 185gr,,0,0,13
188,Aceitunas deshuesadas bufalo 240gr,,0,27,13
189,Crema de coco calahua 480gr,,0,25,13
190,Pasta adobo Achiote la anita 110gr,,0,9,13
191,Maple karo 250ml,,0,24,13
192,Cajeta envinada coronado 370gr,,0,40,13
193,Cajeta quemada 370gr coronado,,0,40,13
194,Cajeta vainilla 370gr coronado,,0,40,13
195,Quaker avena 3 minutos,,0,20,13
196,veladora farolito papel #2,,0,7.5,13
197,Veladora farolito papel #5,,0,15,13
198,Vela pza,,0,0,13
199,Vinagre blanco barrilito 750ml,,0,0,13
200,Vinagre manzana barrilito 750ml,,0,10,13
201,Vinagre de caña Barrilito 750 ml,,0,0,13
202,Miel carlota 300gr,,0,43,13
203,Mermelada de fresa la costeña 270gr,,0,0,13
204,Salsa roja taquera la costeña 250gr,,0,15,13
205,Salsa verde la costeña 250gr,,0,15,13
206,Pure de tomate del monte 210gr,,0,6,13
207,Salsa taquera del monte 220gr,,0,13,13
208,Salsa verde del monte 220gr,,0,13,13
209,Salsa catsup del monte 220gr,,0,9,13
210,Salsa catsup del monte 320gr,,0,12,13
211,Salsa de soya Kikkoman 148ml,,0,30,13
212,Salsa tipo inglesa crosse & blackwell 145ml,,0,30,13
213,Salsa tipo inglesa crosse & blackwell 50ml,,0,0,13
214,Jugo sazonador Maggi 100 ml,,0,29,13
215,Jugo sazonador Maggi 200 ml,,0,0,13
216,Salsa BBQ 360gr hunts,,0,23,13
217,Salsa BBQ 620gr hunts,,0,32,13
218,Rastrillo Gillette hoja normal pza,,0,15,16
219,Bateria duracell 9v,,0,79,13
220,Bateria duracell D2,,0,80,13
221,Bateria duracell C2,,0,80,13
222,Bateria duracell AA,,0,0,13
223,Bateria duracell AAA,,0,0,13
224,Bateria eveready AA,,0,0,13
225,Bateria eveready AAA,,0,0,13
226,Gerber pera 2 etapa 113gr,,0,11,13
227,Gerber postre de guayaba 2 etapa 113gr,,0,11,13
228,Gerber v. con res y arroz 2 etapa 113gr,,0,11,13
229,Gerber platano 2 etapa 113gr,,0,11,13
230,Gerber Frutas tropicales 2 etapa 113gr,,0,11,13
231,Gerber v. con pollo y pasta 2 etapa 113gr,,0,11,13
232,Gerber durazno 2 etapa 113gr,,0,11,13
233,Gerber manzana 2 etapa 113gr,,0,11,13
234,Gerber ciruela pasa 2 etapa 113gr,,0,11,13
235,Gerber jugo de pera 1 etapa 118ml,,0,10,13
236,Gerber jugo de manzana 1 etapa 118ml,,0,0,13
237,Gerber splashers manzana 2 etapa 175ml,,0,0,13
238,Gerber splashers pera 2 etapa 175ml,,0,12,13
239,Atun Nair aleta amarilla en aceite 130gr,,0,14,13
240,Atun Nair aleta amarilla en agua 130gr,,0,14,13
241,Atun Tuny aleta amarilla en aceite 140gr,,0,15,13
242,Atún Tuny aleta amarilla en agua 140gr,,0,15,13
243,Aderezo Clemente Jacques a la italiana 237 ml,,0,22,13
244,Aderezo Clemente Jacques mil islas 237 ml,,0,22,13
245,Aderezo Clemente Jacques cesar 237 ml,,0,22,13
246,Chipotles Clemente Jacques molidos 220 ml,,0,22,13
247,Veladora limonero espiritu divino,,0,17,13
248,Veladora Aramo No.4,,0,16,13
249,Veladora Aramo N°8,,0,25,13
250,Gel extreme 250gr,,0,12,16
251,Gel Ego 200ml,,0,12,16
252,SPRAY ANTICERAMIDAS CAPRICE PZ 316 ml,,0,36,16
253,Caprice Fijador Aerosol Extracto de sabila 316ml,,0,36,16
254,Caprice Fijador Aerosol Kiwi y lavanda 316ml,,0,36,16
255,Caprice Final Touch Spray 346ml,,0,36,16
256,Caprice Fijador Aerosol Granada 316ml,,0,36,16
257,Caprice Fijador Aerosol extracto de algas 316ml,,0,36,16
258,Shampoo Caprice Extracto de mamey 220ml,,0,13,16
259,Shampoo Caprice Biotina 220ml,,0,13,16
260,Shampoo Caprice Acti-Ceramidas 220ml,,0,13,16
261,Shampoo Caprice Extractos Citricos 220ml,,0,13,16
262,Shampoo Caprice Extracto de manzana 220ml,,0,13,16
263,Jabon zote blanco 200gr,,0,7.5,13
264,Jabon zote rosa 200gr,,0,7.5,13
265,Jabon zote rosa 400gr,,0,15,13
266,Jabon zote blanco 400gr,,0,15,13
267,Jabon blanca nieves liquido 1 lt,,0,26,13
268,jabon roma liquido 1 lt,,0,22,13
269,Ariel Liquido Concentrado 500ml,,0,38,13
270,jabon foca liquido 1 lt,,0,27,13
271,Blanqueador los patitos 1 lt,,0,10,13
272,Blanqueador cloralex 950ml,,0,11,13
273,Blanqueador clorox 930ml,,0,11,13
274,Blanqueador clorox 500ml,,0,6,13
275,Blanqueador cloralex 500ml,,0,6,13
276,Limpiador pinol 500ml,,0,12,13
277,Limpiador Pinol 1 lt,,0,17,13
278,Fabuloso lavanda 500ml,,0,12,13
279,Fabuloso mar fresco 500ml,,0,12,13
280,Fabuloso fresco amanecer 500ml,,0,12,13
281,Det Ajax Bicloro 388 Gr,,0,17,13
282,AXION LIQUIDO LIMON 400ML,,0,14,13
283,Det Liquido Salvo 300 Ml,,0,12,13
284,Det. liquido salvo limon 900ml,,0,0,13
285,Det. liquido axion limon 900ml,,0,0,13
286,Det. liquido mas color 415ml,,0,0,13
287,"Servilleta Marli ""Interfoliada"" c/250 Pz",,0,0,13
288,poett 900ml frescura frutal,,0,0,13
289,Poett 900ml primavera,,0,0,13
290,Poett 900ml bosque de bambu,,0,0,13
291,fabuloso energia naranja 1 lt,,0,19,13
292,fabuloso alternativa al cloro 1 lt,,0,19,13
293,fabuloso fresco amanecer 1 lt,,0,19,13
294,fabuloso lavanda 1 lt,,0,19,13
295,fabuloso menta y orquidea 1 lt,,0,19,13
296,fabuloso pasion de frutas 1 lt,,0,0,13
297,fabuloso mar fresco 1 lt,,0,19,13
298,Vel rosita 1 lt,,0,42,13
299,Vel rosita 450ml,,0,19,13
300,suavitel cuidado superior fresca primavera 450ml,,0,12,13
301,suavitel cuidado superior fresco aroma de sol 450ml,,0,12,13
302,suavitel cuidado superior fresco aroma de sol 850ml,,0,21,13
303,suavitel cuidado superior fresca primavera 850ml,,0,0,13
304,suavitel cuidado superior anochecer 850ml,,0,0,13
305,Suavitel baby antibacterial 850ml,,0,0,13
306,VANISH ROSA LIQUIDO 925 ML,,0,0,13
307,VANISH ROSA LIQUIDO 450 ML,,0,17,13
308,Agua bonafont natural 1.5 lt,,0,11,1
309,Agua bonafont natural 1 lt,,0,9,1
310,Victoria mega 1.2 lt,,0,35,11
311,Victoria media 355ml,,0,13,11
312,Agua nestle 600ml,,0,0,1
313,Agua Sta maria 1.5 lt,,0,0,1
314,Bonafont Juizzy jamaica 1.5 lt,,0,17,1
315,Cañazo 960ml,,0,20,2
316,jumex LT botella 500ml Manzana,,0,13,1
317,jumex LT botella 500ml Mango,,0,13,1
318,jumex LT botella 500ml Fresa,,0,13,1
319,jumex LT botella 500ml Durazno,,0,13,1
320,jumex LT botella 500ml Coco-piña,,0,13,1
321,Cerveza carta blanca 940ml Ret.,,0,25,11
322,XX Equis 1.2 lt Ret.,,0,35,11
323,Corona mega 1.2 lt Ret.,,0,35,11
324,Vive 100 500ml te verde,,0,12,1
325,Vive 100 500ml manzana,,0,12,1
326,Jumex tetrapack 1 lt piña,,0,20,1
327,Jumex tetrapack 1 lt naranja,,0,20,1
328,Jumex tetrapack 1 lt uva,,0,20,1
329,Cola cola sin azucar 600ml,,0,10,1
330,Volt lata 473ml guarana,,0,15,1
331,Valle frut mango 600ml,,0,11,1
332,Cola cola 600ml,,0,13,1
333,Coca cola light 600ml,,0,13,1
334,Agua nestle 4 lt,,0,0,1
335,Coca cola Ret. 500ml,,0,8,1
336,Monster energy 473ml,,0,30,1
337,Sprite 600ml,,0,11,1
338,Fresca 600ml,,0,11,1
339,Huasteco 440ml,,0,12,2
340,Corona cero lata 335ml,,0,13,11
341,Valle frut manzana 600ml,,0,11,1
342,Tecate lata 473ml,,0,15,11
343,Indio lata 473ml,,0,15,11
344,Corona extra lata 335ml,,0,0,11
345,Modelo lata 355ml,,0,15,11
346,Sol sal y limon  lata 355ml,,0,0,11
347,Sol clamato 473ml,,0,18,11
348,Winston 24's,,0,0,19
349,Victoria lata 473ml,,0,18,11
350,Camel 14's,,0,38,19
351,Presidente 200ml,,0,31,9
352,Rancho escondido 750ml,,0,55,9
353,Rancho escondido 200ml,,0,0,9
354,Rancho escondido 1.750 ml,,0,130,9
355,Licor de cafe Kahlua 1 lt,,0,176,9
356,Antillano oro 1 lt,,0,124,9
357,Appleton special 750ml,,0,122,9
358,Bacardi blanco 375ml,,0,72,9
359,Bacardi blanco 200ml,,0,42,9
360,Gran centenario reposado 950ml,,0,280,9
361,Vodka karat 1 lt,,0,124,9
362,Vodka oso negro 1 lt,,0,93,9
363,Vodka smirnoff 750ml,,0,157,9
364,Vodka smirnoff 1 lt,,0,192,9
365,Buchanan's 12 años 750ml,,0,715,9
366,Red label J. Walker 700ml,,0,290,9
367,Jack daniels 750ml,,0,403,9
368,Bacardi añejo 200ml,,0,34,9
369,Passport 700ml,,0,176,9
370,William lawsons 750ml,,0,140,9
371,Bacardi blanco 980ml,,0,160,9
372,Bacardi blanco 750ml,,0,135,9
373,100 años azul reposado 700ml,,0,143,9
374,Cabrito rep. con bot/375ml 1 lt,,0,142,9
375,Centenario azul reposado 950ml,,0,237,9
376,Centenario azul reposado 750ml,,0,186,9
377,Teq. Jarana reposado 1 lt,,0,121,9
378,Black & WHITE 750ml,,0,165,9
379,Red label J. walker 1 lt,,0,377,9
380,Passport 1 lt,,0,235,9
381,Presidente 940ml,,0,127,9
382,Presidente 700ml,,0,100,9
383,Presidente 500ml,,0,76,9
384,Torres 5 750ml,,0,194,9
385,Torres 10 750ml,,0,306,9
386,Añejo los reyes 940ml,,0,72,9
387,Añejo los reyes 700ml,,0,59,9
388,Bacardi añejo 750ml,,0,117,9
389,Kraken black spiced 750ml,,0,176,9
390,Vodka absolut azul 750ml,,0,275,9
391,Vodka absolut mango 750ml,,0,275,9
392,Vodka absolut raspberri 750ml,,0,275,9
393,Anis mico Dulce 250ml,,0,35,9
394,Anis mico dulce 1 lt,,0,120,9
395,Crema de whisky baileys 750ml,,0,0,9
396,Crema de whisky baileys 1 lt,,0,0,9
397,Rompope coronado 900ml,,0,0,9
398,Rompope santa clara 1 lt,,0,0,9
399,Ron malibu 750ml,,0,198,9
400,Don pedro 1 lt,,0,0,9
401,Ron appleton blanco 950ml,,0,0,9
402,Ron appleton blanco 750ml,,0,0,9
403,Ron appleton state 750ml,,0,0,9
404,Ron matusalem platino,,0,0,9
405,Cuervo especial reposado 990ml,,0,0,9
406,Cuervo tradicional reposado 950ml,,0,0,9
407,Cuervo tradicional reposado 695ml,,0,0,9
408,El jimador reposado 700ml,,0,0,9
409,El jimador reposado 200ml,,0,0,9
410,don pedro 200ml,,0,0,9
411,Jack daniels honey 700ml,,0,0,9
412,Oso negro 250ml,,0,0,9
413,Sauza hacienda reposado 500ml,,0,0,9
414,Vodka Zaverich premium 1lt,,0,0,9
415,Charanda uruapan blanco 940ml,,0,0,9
416,Charanda uruapan blanco 355ml,,0,0,9
417,Captain morgan 750ml,,0,0,9
418,V.T. Riunite lambrusco 750ml,,0,0,9
419,100 Años Azul reposado 200ml,,0,0,9
420,El jimador reposado 950ml,,0,0,9
421,Vodka skyy 750ml,,0,0,9
422,Vodka wyborowa 1 lt,,0,0,9
423,Cuervo 1800 añejo 700ml,,0,0,9
424,Cuervo 1800 blanco 700ml,,0,0,9
425,Sauza hornitos reposado 200ml,,0,0,9
426,Black & white 1 lt,,0,0,9
427,Buchanans 18 años,,0,0,9
428,don pedro 500ml,,0,0,9
429,Matusalem clasico 750ml,,0,0,9
430,V.T. California tetra pak 1 lt,,0,0,9
431,Azteca de oro 700ml,,0,0,9
432,Casco viejo joven 950ml,,0,0,9
433,Vodka Stolichnaya 750ml,,0,0,9
434,Cuervo especial reposado 695ml,,0,0,9
435,Antillano oro 250ml,,0,0,9
436,Passport 200ml,,0,0,9
437,Antillano blanco 1 lt,,0,0,9
438,Bacardi añejo 1 lt,,0,0,9
439,Cocktel piña colada esperry 750ml,,0,0,9
440,Jerez 3 coronas 1 lt,,0,0,9
441,Cazadores reposado 1 lt,,0,0,9
442,Teq. 3 caballos reposado 200ml,,0,0,9
443,Cocktel medias de seda sperry 750ml,,0,0,9
444,100 años verde añejo 700ml,,0,0,9
445,Don julio 70 añejo 750ml,,0,0,9
446,Vodka absolut pear 750ml,,0,0,9
447,Vodka absolut citron 750ml,,0,0,9
448,Vodka absolut mandarina 750ml,,0,0,9
449,Don julio reposado 750ml,,0,0,9
450,Wky. clan mac gregor 750ml,,0,0,9
451,Wky. j & b 750ml,,0,0,9
452,Wky. j & b 1 lt,,0,0,9
453,Ron baraima blanco 700ml,,0,0,9
454,Herradura blanco 700ml,,0,0,9
455,San matias reposado 250ml,,0,0,9
456,Herradura reposado 700ml,,0,0,9
457,Suavitel momentos magicos besos de flores 750ml,,0,0,13
458,Suavitel dulces placeres fresas y chocolate 750ml,,0,0,13
459,Suavitel dulces placeres toronja y flor de cereza 750ml,,0,0,13
460,Suavitel momentos magicos abrazo de sol 750ml,,0,0,13
461,Suavitel complete armonia de durazno 800ml,,0,0,13
462,Suavitel complete fresca primavera 800ml,,0,22,13
463,Suavitel momentos magicos abrazo de amor 750ml,,0,0,13
464,Suavitel complete fresco aroma de sol 800ml,,0,22,13
465,Suavitel complete anochecer 800ml,,0,22,13
466,Suavitel complete orquideas blancas 800ml,,0,22,13
467,Suavitel complete acqua 800ml,,0,22,13
468,Ensueño max Zero enjuague rocio de violetas 850ml,,0,17,13
469,Ensueño max Zero enjuague sensacion natural 850ml,,0,17,13
470,Ensueño Zero enjuague frescura primaveral 850ml,,0,0,13
471,Ensueño naturela coco   karite 850ml,,0,18,13
472,Ensueño naturela pepino   bambu 850ml,,0,0,13
473,Ensueño naturela avena   almendra 850ml,,0,0,13
474,Ensueño bebe con aloe vera 850ml,,0,17,13
475,Ensueño max fresca armonia 850ml,,0,17,13
476,Ensueño max fresco verano 850ml,,0,17,13
477,Ensueño naturela manzanilla   aloe 850ml,,0,0,13
478,Jabon det. ace 250gr,,0,10,13
479,Jabon ace Det. 500gr,,0,18,13
480,Det Maestro limpio 500gr,,0,0,13
481,Det. Bold 3 en 1  850gr,,0,0,13
482,Det Ace 900gr,,0,32,13
483,Det. roma de 250gr,,0,8,13
484,Det. blanca Nieves 250gr,,0,9,13
485,Det. Foca 250gr,,0,9,13
486,Det. roma 500gr,,0,16,13
487,Det. Maestro limpio 250gr,,0,0,13
488,Det. bold 3 en 1 500gr,,0,14,13
489,Det. ariel 850gr,,0,33,13
490,Det. Foca 1 kg,,0,0,13
491,Jabon pasta tepeyac,,0,14,13
492,Det. salvo 250gr,,0,9,13
493,Det. salvo 500gr,,0,18,13
494,Det. salvo 1 kg,,0,31,13
495,Det. roma 1 kg,,0,33,13
496,Det. ariel 500gr,,0,18,13
497,Det. ariel 250gr,,0,11,13
498,Hortensia supreme 450 hjs,,0,26,13
499,Hortensia supreme 400 hjs,,0,24,13
500,Hig. Vogue 400 hjs,,0,25,13
501,Servilletas prueba 125 pzas,,0,9,13
502,Servilletas prueba 500 pzas,,0,27,13
503,servilletas petalo 100 pzas,,0,10,13
504,Servilletas petalo 220 pzas,,0,25,13
505,P. aluminio alupack 7.5m * 29cm,,0,13,13
506,P. aluminio reynolds wrap 7.62m * 30.4 cm,,0,23,13
507,plato pastelero reyma 006 25 pzas,,0,8,13
508,Vaso termico 10JY10 dark 10 oz 25 pzas,,0,10,13
509,plato pozolero orion 25 pzas PH8,,0,0,13
510,Tenedor sopero 25 pzas foriba,,0,10,13
511,Vaso platico Reyma 50 pzas 8 oz,,0,20,13
512,Charola 066 orion 50 pzas,,0,14,13
513,Charola 855 25 pzas orion,,0,16,13
514,Whiskas sobre fillets salmon 85gr,,0,9,13
515,Whiskas sobre  fillets parrillada mixta 85gr,,0,9,13
516,Whiskas sobre fillets pescado blanco 85gr,,0,9,13
517,Whiskas sobre fillets pavo 85gr,,0,9,13
518,Det. liquido mas color 830ml,,0,28,13
519,Det. Mas oscura 415ml,,0,16,13
520,Cuchara pastelera 50 pzas foriba,,0,8,13
521,Pedigree lata 375gr adulto res en filetes,,0,0,13
522,Pedigree lata 625gr adulto res en filetes,,0,38,13
523,Whiskas lata fillets salmon 156gr,,0,13,13
524,Whiskas lata fillets res 156gr,,0,13,13
525,Whiskas lata pate atun 156gr,,0,13,13
526,Pedigree sobre razas pequeñas pollo en filetes 100gr,,0,10,13
527,Pedigree sobre cachorro res en filetes 100gr,,0,10,13
528,Pedigree sobre adulto pollo en filetes 100gr,,0,10,13
529,Microdyn Microbicida 15ml,,0,15,13
530,Cafe vaso chico pza,,0,12,20
531,Cafe vaso grande pza,,0,18,20
532,Jumex lt botella 1 lt durazno,,0,24,1
533,Jumex lt botella 1 lt mango,,0,24,1
534,Jumex lt botella 1 lt manzana,,0,24,1
535,Jugo arandano LT botella 500ml,,0,13,1
536,Jugo Boing 1 LT manzana,,0,17,1
537,Jugo Boing 1 LT fresa,,0,17,1
538,Jugo Boing 500ML mango,,0,9,1
539,Jugo Boing 500ml durazno,,0,9,1
540,Jugo Boing 500ml guayaba,,0,9,1
541,Jugo Arizona 680ml kiwi con fresa,,0,11,1
542,Jugo Arizona 680ml sandia,,0,11,1
543,Jugo Arizona 680ml mango,,0,11,1
544,Pasta dental colgate 22ml,,0,10,16
545,Pasta dental colgate 50ml,,0,13,16
546,Pasta dental colgate 150ml,,0,22,16
547,Pasta dental crest complete 100ml,,0,23,16
548,Foco Philips 72 w,,0,20,13
549,Cepillo dental colgate pza,,0,10,16
550,Malrboro rojo 20´s,,0,52,19
551,Marlboro rojo 100 20´s,,0,52,19
552,Marlboro gold 20´s,,0,52,19
553,Marlboro double fusion velvet 100 20´s,,0,52,19
554,Marlboro double fusion amber 100 20´s,,0,52,19
555,Marlboro double fusion ruby 100 20´s,,0,52,19
556,Marlboro mega ice express 100 20´s,,0,52,19
557,Delicados sin filtro 18´s,,0,0,19
558,Benson&hedges crystal blue 20´s,,0,52,19
559,Benson&hedges crystal violet 20´s,,0,52,19
560,Benson&hedges menthol pearl 20´s,,0,52,19
561,Benson&hedges gold dorados 20´s,,0,52,19
562,Chesterfield 14´s,,0,28,19
563,Chesterfield 20´s,,0,0,19
564,Chesterfield 24´s,,0,44,19
565,Montana shots 14´s,,0,28,19
566,Pallmall xl switch 20´s,,0,44,19
567,Pallmall mykonos nightfall 20´s,,0,44,19
568,pallmall/Xl Aruba sunrise 20´s,,0,44,19
569,pallmall Menthol 20´s,,0,44,19
570,Pallmall/XL premium american blend 20´s,,0,44,19
571,Pallmall fresh 20´s,,0,44,19
572,Pallmall ibiza sunset 20´s,,0,44,19
573,Lucky strike original 20´s,,0,44,19
574,Camel activa 20´s,,0,52,19
575,Lucky strike Con vertibles 20´s,,0,0,19
576,Lucky strike click 4 mix 20´s,,0,0,19
577,Lucky strike sin filtro 20´s,,0,47,19
578,Pringles original 37gr,,0,0,7
579,Pringles chile y limon 40gr,,0,0,7
580,cerillos pz,,0,2,13
581,palillos maya 250 pzas,,0,8,13
582,Kola loka original 2 gr,,0,18,13
583,Nescafe mokaccino sobre 25gr,,0,8,13
584,Nescafe cappuccino sobre 20gr,,0,8,13
585,Nescafe decaf sobre 14gr,,0,10,13
586,Cera liquida nugget cafe 60ml,,0,0,13
587,Cera liquida nugget negro 60ml,,0,0,13
588,Raid laminitas 24 pzas,,0,55,13
589,Raid Radolitos 144gr ,,0,15,13
590,Aspirina efervecente 500mg 1 par.,,0,1,16
591,Tabcin efervecente 500mg 1 par,,0,8,16
592,Curita pza,,0,1,16
593,CafiAspirina pza 500mg,,0,1,16
594,Desenfriolito plus pza 80mg,,0,0,16
595,Bixen naproxeno sodico 550mg,,0,0,16
596,Dramamine pza 50mg,,0,0,16
597,Tarmin loperamida pza 2 mg,,0,0,16
598,Terramicina 125mg pza pastilla,,0,0,16
599,Terramicina 500mg pza capsula,,0,0,16
600,Ampicilina 500mg pza,,0,0,16
601,Agrifen antigripal pza 500mg,,0,0,16
602,Vick vaporub 12gr,,0,18,16
603,Pepto bismol pza 262mg,,0,2.5,16
604,Sal de uvas picot sobre 5 gr,,0,2.5,16
605,Alka seltzer efervecente pza,,0,5,16
606,Neomelubrina pza 500mg,,0,0,16
607,XL-3 Antigripal 4 tabs,,0,15,16
608,Theraflu Resfriado severo 14.88gr,,0,11,16
609,Theraflu Resfriado y cogestion nasal 14.87gr,,0,11,16
610,"Treda Neomicina, caolin, pectina  pza",,0,5,16
611,Next Antigripal tab. Pza,,0,3,16
612,Buscapina 10mg pza,,0,0,16
613,Sedalmerck,,0,0,16
614,Contac ultra 500mg pza,,0,3,16
615,Flanax 550mg pza,,0,15,16
616,Aspirina pza 500mg,,0,1,16
617,Tabcin noche 1 par,,0,0,16
618,Tabcin active 1 par,,0,0,16
619,Neomicina caolin y pectina pza,,0,0,16
620,Banditas adhesivas para ninos skinprot,,0,0,16
621,tortilla a granel maiz kg,,0,0,13
622,Huevo A granel kg,,0,0,13
623,Coca cola sin azucar 1 lt,,0,14,1
624,Coca cola light 1 lt,,0,17,1
625,Sidral mundet 1 lt,,0,15,1
626,Delaware punch uva 600ml,,0,11,1
627,Sidral mundet RET. 500ml,,0,8,1
628,Valle Frut uva 600ml,,0,11,1
629,Limon&nada valle 600ml,,0,11,1
630,Coco&nada valle 600ml,,0,11,1
631,Valle frut guayaba 2 lt,,0,20,1
632,Ciel Mineral 600ml,,0,9,1
633,Gatorade blue thunder 1 lt,,0,0,1
634,Coca cola lata 355ml,,0,12,1
635,Coca cola 1.25 lt Ret.,,0,15,1
636,Coca cola 3 lt,,0,35,1
637,Coca cola 3 lt sin azucar,,0,20,1
638,Sidral mundet light 2 lt,,0,0,1
639,Cola cola 1.750 lt,,0,20,1
640,Sidral mundet 2 lt,,0,20,1
641,Delaware punch 355ml,,0,10,1
642,Naranja&nada valle 355ml,,0,0,1
643,Sidral mundet light 600ml,,0,11,1
644,Sidral Mundet 600ml,,0,11,1
645,Mundet Prisco 600ml,,0,11,1
646,Sprite lata 355ml,,0,10,1
647,Sidral mundet 355ml,,0,10,1
648,Sidral mundet 235ml,,0,0,1
649,Coca cola vid. 235ml,,0,10,1
650,Coca cola 250ml,,0,6,1
651,Sprite Zero 600ml,,0,11,1
652,Senzao Guarana 600ml,,0,11,1
653,Coca cola light 2 lt,,0,27,1
654,Valle Frut critrico 3 lt,,0,27,1
655,Sidral Mundet 3 lt,,0,26,1
656,Fanta narajra 3 lt,,0,26,1
657,Coca cola Ret. 3 lt,,0,26,1
658,Coca cola Ret. 2.5 lt,,0,23,1
659,Fresca toronja 3 lt,,0,26,1
660,Sprite 3 lt,,0,26,1
661,Tecate light 1.2 lt Ret.,,0,35,11
662,Tecate 1.2 lt Ret.,,0,35,11
663,Superior 355ml no Ret.,,0,13,11
664,Carta blanca 355ml no Ret.,,0,13,11
665,Sol cero 355ml,,0,0,11
666,Sol 355ml No Ret.,,0,0,11
667,Indio 355ml no Ret.,,0,14,11
668,XX ambar 355ml No Ret.,,0,0,11
669,XX 355 No Ret.,,0,15,11
670,Sol chelada 473ml,,0,18,11
671,Sol michelada 473ml,,0,18,11
672,Indio plata 473ml,,0,0,11
673,XX ambar 1.2 lt Ret.,,0,0,11
674,XX ambar 473ml,,0,0,11
675,XX especial 473ml,,0,18,11
676,Tecate titanium 473ml,,0,17,11
677,Bohemia Weizen 355ml no Ret.,,0,17,11
678,Bohemia Vienna 355ml no Ret.,,0,17,11
679,Bohemia Pilsner 355ml no Ret.,,0,17,11
680,Tecate light 473ml,,0,15,11
681,Heineken 1 lt Ret.,,0,35,11
682,Tecate 12 pack 355ml,,0,195,11
683,Tecate light 12 pack 355ml,,0,0,11
684,Indio 12 pack 355ml no Ret.,,0,185,11
685,Squirt toronja 2.5 lt,,0,0,1
686,Pepsi cola 3 lt,,0,26,1
687,Jumex Fresh citrico 2 lt,,0,20,1
688,Jumex Frutzzo mandarina 1.5 lt,,0,16,1
689,Limonada limon 2 lt,,0,0,1
690,Sangria casera 2 lt,,0,20,1
691,Manzanita Sol 2 lt,,0,20,1
692,7 UP 3 lt limon,,0,26,1
693,Manzanita sol 3 lt,,0,26,1
694,Mirinda 3 lt naranja,,0,26,1
695,7 UP limon 1.5 LT,,0,16,1
696,Squirt toronja 1.5 lt,,0,16,1
697,Manzanita sol 1.5 lt,,0,16,1
698,Mirinda naranja 2 lt,,0,20,1
699,Be light fresa 1.5 lt,,0,15,1
700,Pepsi cola 2 lt,,0,20,1
701,Pepsi cola 1 lt,,0,14,1
702,Pepsi cola 600ml,,0,11,1
703,Pepsi light 600ml,,0,0,1
704,Be light mango 1.5 lt,,0,15,1
705,Be light 1.5 lt jamaica,,0,15,1
706,Pepsi cola 1.5 lt,,0,16,1
707,Pepsi cola 2.5 lt,,0,22,1
708,Pepsi cola 295ml,,0,0,1
709,Pepsi cola 500ml,,0,10,1
710,Rockstar energy 500ml,,0,15,1
711,Lipton te negro limon 600ml,,0,12,1
712,Manzanita sol 600ml,,0,11,1
713,Active water fresa-kiwi 1 lt,,0,0,1
714,Lipton te verde citricos 600ml,,0,12,1
715,Epura minerale 400ml limon,,0,0,1
716,Epura minerale 400ml manzana,,0,0,1
717,Jumex fresh 600ml citricos,,0,11,1
718,Jumex fresh 600ml conga,,0,11,1
719,Squirt light 600ml,,0,11,1
720,Squirt toronja 600ml,,0,11,1
721,Sangria casera 600ml,,0,11,1
722,Jumex frutzzo mandarina 600ml,,0,11,1
723,Squirt pepino limon 600ml,,0,0,1
724,Limonada limon 600ml,,0,11,1
725,Agua Epura 1 lt,,0,10,1
726,Canada Dry Ginger Ale 1 Lt,,0,15,1
727,7 UP limon 600ml,,0,11,1
728,Canada Dry Ginger Ale 600ml,,0,11,1
729,H2Oh! Manzana 1.5 lt,,0,16,1
730,H2Oh! Limon 1.5 lt,,0,16,1
731,Agua Epura 1.5lt,,0,12,1
732,Epura Jugo de mango 1 lt,,0,10,1
733,Epura Jugo de guayaba 1 lt,,0,10,1
734,Gummy Yummy 90gr mango,,0,13,21
735,Gummy Yummy 90gr Flan,,0,13,21
736,Gummy Yummy 90gr Tags,,0,13,21
737,Gummy Yummy 90gr cubos,,0,13,21
738,Gummy Yummy 90gr aros,,0,13,21
739,Gummy Yummy 90gr vipers,,0,13,21
740,Gummy Yummy 90gr frutal,,0,13,21
741,Gummy Yummy 90gr Glows,,0,13,21
742,Gummy Yummy 90gr Crowns,,0,13,21
743,Choco roles mora 100gr,,0,13,8
744,Choco roles piña 100gr,,0,13,8
745,Gansito marinela 50gr,,0,10,8
746,Pinguinos Cookies & cream 80gr,,0,13,8
747,Pinguinos Chocolate 80gr,,0,13,8
748,Mini Pinguinos Chocolate 30gr,,0,5,8
749,Mini Chocoroles 30gr,,0,5,8
750,Mini gansito 25gr,,0,5,8
751,Pay de Piña Marinela 85gr,,0,15,8
752,Pay de Nuez Marinela 70gr,,0,15,8
753,Deliciosas Vainilla 90gr,,0,7,8
754,Deliciosas Choco Chispas 96gr,,0,7,8
755,Napolitano Marinela 70gr,,0,10,8
756,Rollo Fresa Marinela 75gr,,0,12,8
757,Submarino Vainilla Marinela 105gr,,0,12,8
758,Submarino Chocolate Marinela 105gr,,0,12,8
759,Submarino Fresa Marinela 105gr,,0,12,8
760,Deliciosas Choco chispas 156gr,,0,10,8
761,Deliciosas Choco Chispas 130 gr,,0,10,8
762,Deliciosas Vainilla 156gr,,0,10,8
763,Animalitos Caramelo 200gr lara,,0,12,8
764,Decanelas lara 67gr,,0,8,8
765,Magnas Lara 200gr,,0,14,8
766,Deliciosas Navidad 150gr,,0,0,8
767,Deliciosas Choco chispas 230gr,,0,15,8
768,Deliciosas Vainilla 276gr,,0,15,8
769,Marias Lara 170gr,,0,10,8
770,Canapinas Lara 140gr,,0,11,8
771,Canapinas Lara 95gr,,0,9,8
772,Saladas Lara 233gr,,0,12,8
773,Polvorones Marinela 111gr,,0,12,8
774,Canelitas Marinela 90gr,,0,12,8
775,Canelitas Tentacion 73gr,,0,12,8
776,Principe Chocolate 105gr,,0,12,8
777,Sponch Marinela 120gr,,0,14,8
778,Principe Avellanas 105gr,,0,12,8
779,Principe Mousse de Limon 105gr,,0,12,8
780,Rocko Marinela 44gr,,0,5,8
781,Triki-Trakes Marinela 85gr,,0,10,8
782,Principe Chocolate Blanco 105gr,,0,12,8
783,Lors Marinela 98gr,,0,10,8
784,Mobi Rocko 45gr,,0,5,8
785,Plativolos Marinela 100gr,,0,10,8
786,Bombonetes Marinela 55gr,,0,8,8
787,Suavicremas Marinela Fresa 50gr,,0,5,8
788,Suavicremas Marinela Chocolate 50gr,,0,5,8
789,Suavicremas Marinela Vainilla 50gr,,0,5,8
790,Barritas Marinela Fresa 75gr,,0,10,8
791,Barritas Marinela Moras 75gr,,0,10,8
792,Barritas Marinela Piña 75gr,,0,10,8
793,Suavicremas Vainilla 90gr,,0,10,8
794,Canelitas Marinela 249gr,,0,20,8
795,Suavicremas Fresa 90gr,,0,10,8
796,Polvorones Marinela 345gr,,0,20,8
797,Principe Marinela 227gr,,0,20,8
798,Pastisetas Suandy 75gr,,0,15,8
799,Suavicremas Chocolate 153gr,,0,20,8
800,Triki-Trakes Marinela 245gr,,0,20,8
801,Barritas Marinela Fresa 222gr,,0,20,8
802,Barritas Marinela Piña 222gr,,0,20,8
803,Orejitas Tia rosa 71gr,,0,10,8
804,Orejas 100gr Tia rosa,,0,12,8
805,Semita Tia rosa 92gr,,0,8,8
806,Cuernitos Tia rosa 100gr,,0,13,8
807,Mantecadas Vainilla  Tia rosa 157.5gr,,0,15,8
808,Bigotes Cajeta Tia rosa 60gr,,0,10,8
809,Bigotes Chocolate Tia rosa 60gr,,0,10,8
810,Pachoncitos Nata Tia rosa 140gr,,0,0,8
811,Conchas Tia rosa 120gr,,0,15,8
812,Pachoncitos Naranja con coco Tia rosa 132gr,,0,15,8
813,Mantecadas Chocolate Tia rosa 142.5gr,,0,16,8
814,Twinky Vainilla Tia rosa 114gr,,0,12,8
815,Twinky Chocolate Tia rosa 114gr,,0,12,8
816,Twinky Fresa Tia rosa 114gr,,0,12,8
817,Besos de Nuez Gabi 70gr,,0,12,8
818,Chocotorro Tia rosa 50gr,,0,7,8
819,Dalmata Tia rosa 55gr,,0,7,8
820,Rejitas Tia rosa 65gr,,0,5,8
821,Tartinas Tia rosa Fresa 78gr,,0,10,8
822,Tartinas Tia rosa Zarzamora 78gr,,0,10,8
823,Tartinas Tia rosa Piña 78gr,,0,10,8
824,Doraditas Tia rosa 127gr,,0,12,8
825,Doraditas Tia Rosa 58gr,,0,6,8
826,Galleta de Avena Tia rosa 66gr,,0,7,8
827,Panque Tia rosa 255gr,,0,27,8
828,Fina Variedad gabi 200gr,,0,19,8
829,wonder Integral 100% 567gr,,0,33,8
830,Wonder Super pan blanco 567gr,,0,32,8
831,red cola 600ml,,0,8,1
832,Red cola 2 lt,,0,16,1
833,Peñafiel limonada 2 lt,,0,20,1
834,Peñafiel Toronjada 2 lt,,0,20,1
835,Peñafiel Naranjada 2 lt,,0,20,1
836,Peñafiel Mineral 2 lt,,0,18,1
837,Agua bonafont Natural 2 lt,,0,13,1
838,Red Cola 3 lt,,0,22,1
839,Valle frut guayaba 1.5 lt,,0,15,1
840,Sidra gota real 680ml,,0,0,9
841,Sidra Rosell Rosada 680ml,,0,0,9
842,Raid max mata cucarachas 400ml,,0,0,13
843,Raid Mata Moscas Y mosquitos 400ml,,0,47,13
844,Arroz el mexicano 1 kg,,0,16,13
845,Whiskas sobre Fillets atun 85gr,,0,9,13
846,Whiskas sobre Souffle pavo y pollo 85gr,,0,9,13
847,Pedigree adulto lata pollo carne molida 625gr,,0,38,13
848,Pedigree Adulto lata pollo carne molida 375gr,,0,0,13
849,Rastrillo Schick extreme 3,,0,18,16
850,Rastrillo gillette prestobarba 3,,0,20,16
851,Pastilla poblanita aromatizante 70gr,,0,12,13
852,Suavitel Cuidado superior Fresca primavera 360ml,,0,0,13
853,Axion en crema Lima Limon 425gr,,0,0,13
854,Condones Sico Safety Feel,,0,43,16
855,Pinol Aromas Marino 828ml,,0,0,13
856,Pinol Aromas Frutal 828ml,,0,0,13
857,Pinol Aromas Floral 828ml,,0,0,13
858,Ajax amonia 1 lt,,0,30,13
859,Pinol Aromas Lavanda 500ml,,0,0,13
860,Fabuloso Oxy Lavanda 828ml,,0,0,13
861,Jabon Vel rosita barra 350gr,,0,0,13
862,Ensalada Atun dolores con verduras,,0,0,13
863,Mermelada de chabacano Clemente Jacques 470gr,,0,0,13
864,Mermelada de chabacano Clemente Jacques 270gr,,0,0,13
865,Mermelada de Frambuesa Clemente Jacques 270gr,,0,0,13
866,Mayonesa reducida Hellmann`s 190gr,,0,0,13
867,Saborizante Vainilla san lucas 45 ml,,0,0,13
868,Aceite de oliva el olivo 45ml,,0,0,13
869,Sopa Knorr coditos 95gr,,0,0,13
870,Sopa Knorr municiones 95gr,,0,0,13
871,Aderezo Clemente Jacques Ranch 237 ml,,0,0,13
872,Aderezo Clemente Jacques Diosa Azteca 237 ml,,0,0,13
873,Elotes Clemente Jacques 220gr,,0,0,13
874,Marlboro Fusion shine 20`s,,0,52,19
875,Lol-tun salsa habanero 150gr,,0,0,13
876,Salsa picante Tabasco 60 ml,,0,0,13
877,Nidal bebe etapa 1 120gr,,0,0,16
878,Nido Entera bolsa 200gr,,0,0,16
879,Nido Kinder Nestle 144gr ,,0,26,16
880,Nido FortiGrow Nestle 120gr,,0,16,16
881,Knorr suiza 22gr,,0,5,13
882,Riko pollo 33gr,,0,5,13
883,knorr tomate 22gr,,0,5,13
884,Oats Avena granvita 400gr,,0,0,13
885,Frijoles a granel kg,,0,0,13
886,Frijol abeto flor de mayo 1 kg,,0,24,13
887,Jarritos manzana 2 lt,,0,16,1
888,Maizena chocolate 45gr,,0,7,13
889,Maizena Nuez 45gr,,0,7,13
890,Maizena vainilla 45gr,,0,7,13
891,Maizena Fresa 45gr,,0,7,13
892,Schweppes giner ale 1 lt,,0,15,1
893,Jarritos piña 600ml,,0,8,1
894,Teq. Rieles 750ml,,0,40,9
895,Tang melon 15gr,,0,5,13
896,Tang piña 15gr,,0,5,13
897,Tang uva 15gr,,0,5,13
898,Tang Horchata 15gr,,0,5,13
899,Tang jamaica 15gr,,0,5,13
900,Tang mango 15gr,,0,5,13
901,Tang limon 15gr,,0,5,13
902,Tang fresa 15gr,,0,5,13
903,Gelatina DGARI cereza agua 140gr,,0,10,13
904,Gelatina DGARI arandano agua 140gr,,0,10,13
905,Gelatina DGARI uva agua 140gr,,0,10,13
906,Gelatina DGARI jerez agua 140gr,,0,10,13
907,Gelatina DGARI frambuesa agua 140gr,,0,10,13
908,Gelatina DGARI naranja agua 140gr,,0,10,13
909,Gelatina DGARI fresa leche 140gr,,0,10,13
910,Gelatina DGARI nuez leche 140gr,,0,10,13
911,Gelatina DGARI coco leche 140gr,,0,10,13
912,Gelatina DGARI grosella agua 140gr,,0,10,13
913,Gelatina DGARI limon agua 140gr,,0,10,13
914,Gelatina DGARI rompope leche 140gr,,0,10,13
915,Gelatina DGARI chocolate leche 140gr,,0,10,13
916,Gelatina DGARI mango manila agua 140gr,,0,10,13
917,Gelatina DGARI piña agua 140gr,,0,10,13
918,Gelatina DGARI durazno agua 140gr,,0,10,13
919,Gelatina DGARI vainilla leche 140gr,,0,10,13
920,Gelatina DGARI mora silvestre agua 140gr,,0,10,13
921,Appleton white 200ml,,0,0,13
922,Appleton special 200ml,,0,0,9
923,Antillano blanco 250ml,,0,0,9
924,Vodka Karat 250ml,,0,0,9
925,San matias blanco 250ml,,0,0,9
926,Casco viejo 200ml,,0,0,9
927,Teq. Jarana 250ml,,0,0,9
928,Clamato el original 473ml,,0,18,1
929,Jumex Jugosa 450ml durazno,,0,10,1
930,Jumex Jugosa 450ml mango,,0,10,1
931,Jumex Jugosa 450ml guayaba,,0,10,1
932,Jumex Jugosa 450ml manzana,,0,10,1
933,Wonder Hot dogs 340gr,,0,0,8
934,Boyis Bimbo 120gr,,0,0,8
935,Bimbuñuelos bimbo 66gr,,0,14,8
936,Choco Donas bimbo  108gr,,0,12,8
937,Petits Frutos rojos 76gr,,0,0,8
938,Petits Crema pastelera 76gr,,0,0,8
939,Petits Chocolate 76gr,,0,0,8
940,Tortillinas tia rosa 204gr,,0,0,8
941,Tortillinas tia rosa 255gr,,0,12,8
942,Tortillinas tia rosa 510gr,,0,22,8
943,Pan molido bimbo clasico 210gr,,0,14,8
944,Empanizador crujiente bimbo 175gr,,0,13,8
945,Mantecadas vainilla bimbo 187.5gr,,0,15,8
946,Panquecitos con chipas de chocolate bimbo 140gr,,0,15,8
947,Roles de canela glaseados 135gr,,0,12,8
948,Roles de canela con pasas 120gr,,0,12,8
949,Rebanadas bimbo chocolate 55gr,,0,5,8
950,Rebanadas bimbo 55gr,,0,5,8
951,Madalenas mantequilla 93gr,,0,12,8
952,Mante chox bimbo 121gr,,0,12,8
953,Medias noches bimbo 340gr,,0,22,8
954,Bimbollos bimbo 450gr,,0,28,8
955,Bollos artesano bimbo 480gr,,0,0,8
956,Panque Bimbo naranja 255gr,,0,28,8
957,Panque Bimbo marmol 255gr,,0,28,8
958,Panque Bimbo nuez 255gr,,0,28,8
959,Panque Bimbo Chocolate 255gr,,0,28,8
960,Panque Bimbo pasas 255gr,,0,28,8
961,Donitas Bimbo espolvoreadas 105gr,,0,12,8
962,Bimbo Donas Azucaradas 158gr,,0,14,8
963,Little bites 83gr chocolate,,0,10,8
964,Nito bimbo chocolate 62gr,,0,10,8
965,Pan bimbo blanco 640gr,,0,28,8
966,Hotkis bimbo 50gr,,0,5,8
967,Colchones bimbo naranja 130gr,,0,10,8
968,Roles bimbo glaseados 410gr,,0,28,8
969,Donas Bimbo Azucaradas 158gr,,0,14,8
970,Oroweat 12 granos 680gr,,0,0,8
971,Salmas sanissimo bimbo 144gr,,0,20,8
972,Pan blanco bimbo 360gr,,0,20,8
973,Pan blanco rinde 454gr,,0,23,8
974,Pan bimbo linaza 610gr,,0,32,8
975,Pan bimbo multrigrano 610gr,,0,32,8
976,Pan bimbo integral 370gr,,0,24,8
977,Pan bimbo integral 675gr,,0,31,8
978,Jalapeños la costeña 380gr,,0,0,13
979,Chipotles en adobo la costeña 220gr,,0,18,13
980,Chiles largos la costeña 380gr,,0,0,13
981,Chiles largos san marcos 400gr,,0,0,13
982,Jalapeños la costeña 220gr,,0,10,13
983,Chipotles en adobo la costeña 105gr,,0,9,13
984,Rajas la costeña 105gr,,0,6,13
985,Mccormick Aderezo ranch 230ml,,0,0,13
986,Mccormick sal con ajo 157gr,,0,0,13
987,Mccormick Ablandador de carnes 155gr,,0,0,13
988,Royal polvo para hornear 110gr,,0,0,13
989,Mccormick sal con ajo 125gr,,0,0,13
990,Yopi cajeta quemada 250gr,,0,0,13
991,Mccormick mostaza 210gr,,0,0,13
992,Mccormick mostaza 115gr,,0,10,13
993,Maggi Jugoso al sarten 23.4gr,,0,0,13
994,Chicharos Herdez 400gr,,0,11,13
995,Chicharos con zanahoria Herdez  400gr,,0,0,13
996,Ensalada de legumbres Herdez 220gr,,0,7.5,13
997,Granos de elote Herdez 400gr,,0,15,13
998,Champiñones rebanados Herdez 186gr,,0,0,13
999,Granos de elote Herdez 220gr,,0,8,13
1000,Chicharos Herdez 215gr,,0,6,13
1001,Chicharos Clemente jacques 420gr,,0,0,13
1002,Ensalada de legumbres Herdez 400gr,,0,11,13
1003,Champiñones rebanados Herdez 380gr,,0,0,13
1004,Crema Champiñones campbells 420gr,,0,0,13
1005,Crema Elotes campbells 430gr,,0,26,13
1006,Crema Esparragos campbells 420gr,,0,0,13
1007,Pecosita pza,,0,1.5,21
1008,Kranky ricolino 55gr,,0,10,21
1009,Chocoretas Ricolino 55gr,,0,10,21
1010,Pasitas Ricolino 55gr,,0,12,21
1011,Bubulubu 35gr,,0,7,21
1012,"Gomilocas L. de la j. moras, durazno y mango maracuya 60gr",,0,0,21
1013,"Gomilocas L. de la j. piña, fresa y pera 60gr",,0,0,21
1014,Gomilocas Dientes 50gr,,0,10,21
1015,Gomilocas Hamburguesas 60gr,,0,10,21
1016,Almendras Ricolino 36gr,,0,12,21
1017,Panditas clasicos ricolino 62.5gr,,0,10,21
1018,Panditas Rellenos 54gr,,0,10,21
1019,Moritas Ricolino 60gr,,0,10,21
1020,Dulcigomas Ricolino 63gr,,0,0,21
1021,Tix tix tubi pza,,0,0,12
1022,Inspireka pinta frut 20.4gr,,0,12,21
1023,Inspireka moldeable 45gr,,0,12,21
1024,Inspireka Arena magica 30gr,,0,12,21
1025,Inspireka Armables 32gr,,0,12,21
1026,Inspireka Konstruy 49gr,,0,12,21
1027,Zucaritas Kelloggs 260gr,,0,30,4
1028,Zucaritas Kelloggs 260gr con malvaviscos,,0,33,4
1029,Choco krispis kelloggs 690gr,,0,72,4
1030,Zucaritas Kelloggs 740gr,,0,70,4
1031,Corn flakes kelloggs 530gr,,0,48,4
1032,Froot Loops Kelloggs 180gr,,0,33,4
1033,Extra Kelloggs arandanos 310gr,,0,53,4
1034,Corn pops Kelloggs 210gr,,0,30,4
1035,Special K Original 260gr kelloggs,,0,42,4
1036,Kelloggs All Bran Pasas 285gr,,0,42,4
1037,Kelloggs All Bran Flakes 300gr,,0,42,4
1038,Froot Loops Kelloggs 25gr,,0,8,4
1039,Choco krispis kelloggs 38gr,,0,7,4
1040,Choco krispis kelloggs 135gr bolsa,,0,17,4
1041,Special K Original 120gr kelloggs bolsa,,0,17,4
1042,Corn pops Kelloggs 100gr bolsa,,0,17,4
1043,Froot Loops Kelloggs 90gr bolsa,,0,17,4
1044,Zucaritas Kelloggs 125gr bolsa,,0,17,4
1045,Corn Flakes Kelloggs 150gr,,0,18,4
1046,Choco Krispis 290gr kelloggs,,0,33,4
1047,Crema de coco calahua 1 Lt,,0,0,13
1048,Pure de papa pronto 125gr,,0,0,13
1049,Pure de papa Verde valle 160gr,,0,16,13
1050,Tres estrellas Hot Cakes 1 kg,,0,0,13
1051,Hersheys Chocolate Malteada 236ml,,0,8,18
1052,Jugo arandano Ocean spray 1 lt,,0,27,1
1053,Jugo Boing 250ml guayaba,,0,6,1
1054,Jugo Boing 250ml mango,,0,6,1
1055,Jugo Boing 250ml manzana,,0,6,1
1056,Malteada alpura fresa 250ml,,0,8,18
1057,Malteada alpura vainilla 250ml,,0,8,18
1058,Malteada alpura chocolate 250ml,,0,8,18
1059,Tortillas Milpa real 800gr,,0,16,8
1060,Santa clara deslactosada 1 lt,,0,23,18
1061,Malteada alpura chocolate 1 lt,,0,20,18
1062,Malteada alpura fresa 1 lt,,0,20,18
1063,Chiles Serranos la costeña 105gr,,0,0,13
1064,Rajas la costeña 220gr,,0,10,13
1065,Chipotles en adobo san marcos 100gr,,0,9,13
1066,Chipotles en adobo san marcos 215gr,,0,18,13
1067,Rajas la costeña 380gr,,0,17,13
1068,Aceite olivo navarra 45ml,,0,0,13
1069,Rajas verdes la morena 210gr,,0,11,13
1070,Chipotles en adobo san marcos 380gr,,0,0,13
1071,Pan bimbo cero cero 567gr,,0,32,8
1072,Empanizador bimbo hojuela de maiz 180gr,,0,16,8
1073,Thins Multigrano 127.5gr,,0,0,8
1074,Bimbollos Parrilleros 780gr,,0,0,8
1075,Pan bimbo sin orillas 450gr,,0,0,8
1076,tostado bimbo clasico 90gr,,0,0,8
1077,Mini tostados bimbo silueta 100gr,,0,0,8
1078,Multigrano linaza bimbo 32gr,,0,8,8
1079,Multigrano chia bimbo 32gr,,0,8,8
1080,Multigrano nuez bimbo 32gr,,0,8,8
1081,Pan tostado integral bimbo 250gr,,0,21,8
1082,Pan tostado doble fibra bimbo 250gr,,0,21,8
1083,Pan tostado clasico bimbo 250gr,,0,19,8
1084,Tostadas sanissimo 216gr,,0,25,8
1085,Salmas sanissimo bimbo 90gr,,0,0,8
1086,Tostadas milpa real planas 175gr,,0,13,8
1087,Tostadas milpa real onduladas mariscos 360gr,,0,0,8
1088,Tortillinas tia rosa 382gr,,0,0,8
1089,Tortillinas tia rosa 50% menos grasa 328gr,,0,0,8
1090,Totopos Chilaquiles Milpa real 280gr,,0,22,8
1091,Papatinas Chilix barcel 25gr,,0,6,7
1092,Golden nuts salados 100gr,,0,14,7
1093,Golden nuts japones 100gr,,0,14,7
1094,Hot nuts original 100gr,,0,14,7
1095,Hot nuts fuego 50gr,,0,8,7
1096,Hot nuts original 80gr,,0,10,7
1097,Golden Nuts pepitas 17gr,,0,5,7
1098,Hot nuts original 50gr,,0,8,7
1099,Golden nuts Enchilados 100gr,,0,14,7
1100,Big mix party 100gr,,0,15,7
1101,Golden nuts salados 80gr,,0,10,7
1102,Kiyakis Clasico 50gr,,0,7,7
1103,Golden nuts salados 40gr,,0,8,7
1104,Golden Nuts surtido selecto 40gr,,0,8,7
1105,Golden Nuts Enchilados 40gr,,0,8,7
1106,Kiyakis Clasico 80gr,,0,10,7
1107,Watz Pokle Barcel 35gr,,0,8,7
1108,Golden nuts pepitas 28gr,,0,7,7
1109,Golden nuts Enchilados 80gr,,0,10,7
1110,Pop fuego barcel 23gr,,0,6,7
1111,Big mix clasico 70gr,,0,10,7
1112,Big mix jalapeño 80gr,,0,10,7
1113,Watz tornado barcel 35gr,,0,8,7
1114,Arelos Fuego barcel 25gr,,0,8,7
1115,Big mix fuego 70gr,,0,10,7
1116,Pop karameladas 50gr,,0,6,7
1117,Papatinas Fuego Barcel 25gr,,0,6,7
1118,Gomitas Tarrito Vero 35gr,,0,0,21
1119,Runners barcel 58gr,,0,8,7
1120,Chips Barcel Fuego 50gr,,0,12,7
1121,Karameladas pop barcel 120gr,,0,12,7
1122,Chips Barcel Jalapeño 170gr,,0,35,7
1123,Chips barcel sal de mar 170gr,,0,35,7
1124,Chicharron de cerdo barcel 75gr,,0,12,7
1125,Valentones Barcel 175gr,,0,25,7
1126,Toreadas Habanero Barcel 170gr,,0,30,7
1127,Chips Barcel Fuego 170gr,,0,35,7
1128,Takis Original Barcel 62gr,,0,10,7
1129,Tostachos Queso Jalapeño barcel 65gr,,0,8,7
1130,Takis Cobra Barcel 62gr,,0,10,7
1131,Toreadas Habanero Barcel 40gr,,0,9,7
1132,Takis Fuego Barcel 62gr,,0,10,7
1133,Takis Huakamoles barcel 62gr,,0,10,7
1134,Ruffles queso Bolzaza 82gr,,0,15,7
1135,Chips Adobadas Barcel 50gr,,0,12,7
1136,Chips jalapeño Barcel 50gr,,0,12,7
1137,Chips barcel sal de mar 50gr,,0,12,7
1138,Japones karate 150gr,,0,15,7
1139,Kacang Japones Sabritas 80gr,,0,0,7
1140,Kacang Cacahuates Flamin-hot 135gr,,0,15,7
1141,Kacang cacahuate sal y limon 74 gr,,0,10,7
1142,Kacang cacahuate botana mexicana 74 gr,,0,10,7
1143,Kacang cacahuate Enchilados 74 gr,,0,10,7
1144,Churritos Barcel 50gr,,0,6,7
1145,Churritos Fuego Barcel 50gr,,0,6,7
1146,Spirrones Barcel 25gr,,0,0,7
1147,Takis Salsa Brava Barcel 62gr,,0,10,7
1148,Runners xtreme Barcel 58gr,,0,8,7
1149,Chips Barcel A la diabla 50gr,,0,12,7
1150,Chipotles Barcel queso 52gr,,0,8,7
1151,Big mix Queso Barcel 70gr,,0,10,7
1152,Paketaxo XtraFlaminhot 70gr,,0,10,7
1153,PakeTaxo Queso 65gr,,0,10,7
1154,Paketaxo Mezcladito 70gr,,0,10,7
1155,Sabritas Receta Crujiente Flaminhot 100gr,,0,25,7
1156,Tostitos Salsa Verde 62gr,,0,8,7
1157,Sabritas Sabritones 60gr,,0,0,7
1158,Rancheritos Sabritas 60gr,,0,9,7
1159,Churrumais Sabritas 62gr,,0,7,7
1160,Fritos Chipotle Sabritas 65gr,,0,9,7
1161,Fritos Chile Y limon Sabritas 65gr,,0,9,7
1162,Fritos Sal y limon 65gr,,0,9,7
1163,Sabritas Limon 45gr,,0,11,7
1164,Cheetos Bolitas 45gr,,0,7,7
1165,Cheetos Colmillos 27gr,,0,7,7
1166,Sabritas Flaminhot 45gr,,0,11,7
1167,Sabritas Habanero 45gr,,0,11,7
1168,Cheetos Palomitas 29gr,,0,7,7
1169,Cheetos Poffs 45gr,,0,7,7
1170,Chetos Torciditos 56gr,,0,8,7
1171,Doritos Pizzerolas 62gr,,0,10,7
1172,Doritos Incognita 62gr,,0,10,7
1173,Doritos Diablo 62gr,,0,10,7
1174,Doritos Xtra Flaminhot 62gr,,0,10,7
1175,Cheetos Xtra Flaminhot 56gr,,0,8,7
1176,Cheetos Nacho 56gr,,0,8,7
1177,Ruffles Queso 55gr,,0,11,7
1178,Doritos Nacho 62gr,,0,10,7
1179,Ruffles Mega Crunch 55gr,,0,11,7
1180,Ruffles Original 53gr,,0,11,7
1181,Sabritas Original 45gr,,0,11,7
1182,Sabritas Crema y especias 45gr,,0,11,7
1183,Ruffles Mega Cruch Jalapeño 55gr,,0,11,7
1184,Ruffles Mega cruch Cocteleras 55gr,,0,11,7
1185,Sabritones Sabritas 165gr,,0,22,7
1186,Paketaxo Mezcladito 170gr,,0,30,7
1187,Sabritas Receta Crujiente Clasicas 170gr,,0,35,7
1188,Sabritas Receta Crujiente Flaminhot 170gr,,0,35,7
1189,Fuzetea te negro 413ml,,0,0,1
1190,Ciel Exprim coco + frambuesa 1.2 lt,,0,12,1
1191,Ciel Exprim coco + frambuesa 355ml,,0,5,1
1192,Ciel Exprim Jamaica 1.2 lt,,0,12,1
1193,Malteada santa clara fresa 200ml,,0,9,18
1194,Malteada santa clara Chocolate 200ml,,0,9,18
1195,Malteada santa clara Capuccino 200ml,,0,9,18
1196,Agua ciel natural 355ml,,0,5,1
1197,Agua ciel natural 1 lt,,0,10,1
1198,Agua ciel natural 1.2 lt,,0,12,1
1199,Del valle nectar mango 413ml,,0,12,1
1200,Del valle nectar naranja 413ml,,0,12,1
1201,Del valle nectar manzana 413ml,,0,12,1
1202,Ades jugo Manzana 200ml,,0,7,1
1203,Fuzetea te verde 413ml,,0,0,1
1204,Del valle nectar durazno 413ml,,0,12,1
1205,Powerade Frutas 500ml,,0,14,1
1206,Powerade Lima-limon 500ml,,0,14,1
1207,Powerade Moras 500ml,,0,14,1
1208,Powerade Naranja 500ml,,0,14,1
1209,Fuzetea te negro 600ml,,0,12,1
1210,Fuzetea te verde 600ml,,0,12,1
1211,Santa clara Entera 1 lt,,0,22,1
1212,Santa clara light 1 lt,,0,0,1
1213,Del valle nectar durazno 1 lt,,0,20,1
1214,Del valle nectar mango 1 lt,,0,20,1
1215,Powerade Naranja 1 lt,,0,24,1
1216,Del valle nectar piña 1 lt,,0,20,1
1217,Valle frut Citricos 2 lt,,0,20,1
1218,Valle Frut manzana 2 lt,,0,20,1
1219,Bonafont Juizzy mandarina 1.5 lt,,0,17,1
1220,Bonafont Levite Pepino Limon 1.5 lt,,0,17,1
1221,Bonafont Juizzy Naranja 600ml,,0,9,1
1222,Bonafont Juizzy Jamaica 600ml,,0,9,1
1223,Bonafont Juizzy piña 1 lt,,0,12,1
1224,Bonafont Levite limon-menta 1lt,,0,12,1
1225,Bonafont Levite Fresa-lychee 1 lt,,0,12,1
1226,Bonafont Levite Piña-coco 1 lt,,0,12,1
1227,Bonafont Juizzy Naranja 1 lt,,0,12,1
1228,Bonafont Juizzy Tamarindo 1 lt,,0,12,1
1229,Bonafont Juizzy Jamaica 1 lt,,0,12,1
1230,Bonafont Juizzy Manzana 600ml,,0,9,1
1231,Bonafont Juizzy Guayaba 600ml,,0,9,1
1232,Bonafont Levite Piña-coco 600ml,,0,9,1
1233,Bonafont Levite Jamaica 600ml,,0,9,1
1234,Bonafont Levite pepino-limon 600ml,,0,9,1
1235,Bonafont Levite Fresa 600ml,,0,9,1
1236,Bonafont Kids Natural Tapa 300ml,,0,0,1
1237,Epura Natural 330ml,,0,5,1
1238,Bonafont Kids Natural Chupon 300ml,,0,5,1
1239,Bonafont Juizzy Manzana 1.5lt,,0,17,1
1240,Bonafont Levite Piña-coco 1.5 lt,,0,17,1
1241,Bonafont Juizzy Limon 1.5lt,,0,17,1
1242,Bonafont Juizzy Naranja 1.5lt,,0,17,1
1243,Bonafont Juizzy Mango 1.5lt,,0,17,1
1244,Bonafont Levite Jamaica 1.5 lt,,0,17,1
1245,Lalitas Bonafina 100ml sabores,,0,1,1
1246,Polvoroncitos pza tia rosa,,0,1,8
1247,Mayonesa con chile chipotle la costeña 330gr,,0,26,13
1248,Mayonesa Real la costeña 740gr,,0,40,13
1249,Rockaleta Manchat 50gr,,0,7,12
1250,Nutri leche Queso Americano 140gr,,0,0,3
1251,Lala Manchego 144gr,,0,0,3
1252,Crema Nutri leche 450ml,,0,0,3
1253,Nutri deli Jamon Horneado 250gr,,0,0,3
1254,Lala manchego 200gr,,0,0,3
1255,Lala Margarina 90gr,,0,0,3
1256,Lala Mantequilla Sin sal 90gr,,0,0,3
1257,Delicias Pay de limon lala 150gr,,0,0,3
1258,Delicias Pay de fresa lala 150gr,,0,0,3
1259,Yogurt Lala Fresa 205gr,,0,0,3
1260,Flan Lala Vainilla 100gr,,0,0,3
1261,Gelatina Sabores Yomi lala 125gr,,0,0,3
1262,Arroz con leche lala 125gr,,0,0,3
1263,Natilla lala Vainilla 125gr,,0,0,3
1264,Natilla Lala Chocolate 125gr,,0,0,3
1265,Malteada Yomi Lala Chocolate 250ml,,0,0,3
1266,Malteada Yomi Lala Fresa 250ml,,0,0,3
1267,Malteada Yomi Lala Fresa 250ml,,0,0,3
1268,Malteada Nutri leche Chocolate 250ml,,0,0,3
1269,Lala Entera 250ml,,0,0,3
1270,Lala Yogurt Manzana 240gr,,0,0,3
1271,Lala Yogurt Fresa 240gr,,0,0,3
1272,Lala Yogurt Piña-coco 240gr,,0,0,3
1273,Lala Yogurt Mango 240gr,,0,0,3
1274,Lala Yogurt Durazno 240gr,,0,0,3
1275,Queso panela Los Volcanes 200gr,,0,0,3
1276,Nutri leche fresca 1 lt,,0,0,3
1277,Nutri leche Fresca 1.89 lt,,0,0,3
1278,Gastro Protec Nestle 110gr,,0,0,3
1279,Lala Fresca Baja en Grasa 1 lt,,0,0,3
1280,Lala Fresca Entera 1.8 lt,,0,0,3
1281,Lala Fresca Entera 1 lt,,0,17,3
1282,Lala Fresca Deslactosada 1 lt,,0,0,3
1283,Yogurt Lala Fresa Con Cereal Chocolate 108gr,,0,0,3
1284,Yogurt Lala Fresa Con Cereal De Sabores 108gr,,0,0,3
1285,Lala Fresca Entera 250ml,,0,0,3
1286,Lala Fresca 100 Sin Lactosa 330ml,,0,0,3
1287,Bio 4 Lala 120gr,,0,0,3
1288,Yogurt Break Fresa 330gr,,0,0,3
1289,Nutri deli salchicha de pavo 250gr,,0,0,3
1290,Cafe con leche Lala 330ml,,0,0,3
1291,Lala 100 sin lactosa 70% proteina   30% calcio 1 lt,,0,0,3
1292,Crema Lala Entera 450ml,,0,0,3
1293,Crema Lala Entera 200ml,,0,0,3
1294,Queso Cottage Lala 350gr,,0,0,3
1295,Lala 100 sin lactosa deliciosa 1 lt,,0,0,3
1296,"Licuado De yogurt Lala fresa, platano y cereal 440gr",,0,0,3
1297,"Licuado Nestle Fresa, platano con avena y salvado 500gr",,0,0,3
1298,Oikos Danone Estilo Griego 225gr,,0,9,3
1299,Danone Yogurt Manzana 220gr,,0,7.5,3
1300,Danone Yogurt Fresa 220gr,,0,7.5,3
1301,Danone Yogurt Fresa Moras 220gr,,0,7.5,3
1302,Activia Danone Papaya y cereales 225gr,,0,9,3
1303,"Activia Danone Nuez, platano y cereal 225gr",,0,9,3
1304,Activia Danone Ciruela pasa 225gr,,0,9,3
1305,Activia Danone Fresa 225gr,,0,9,3
1306,Danone Dnnup Piña coco 220gr,,0,8,3
1307,Danone Dnnup Fresa 220gr,,0,8,3
1308,Danone Danonino Fresa bebible 170gr,,0,8,3
1309,Danone Danonino Fresa bebible 90gr,,0,4.5,3
1310,Danone Bene gastro 240gr,,0,9,3
1311,Danone Dnnup Piña coco 450gr,,0,13,3
1312,Danone Dnnup fresa 450gr,,0,13,3
1313,Danone Dnnup Piña coco 350gr,,0,11,3
1314,Danone Dnnup Fresa 350gr,,0,11,3
1315,Danone Licuado Nuez y cereal 350gr,,0,11,3
1316,Danone Licuado Fresa platano y cereal 220gr,,0,8,3
1317,Danone Gelatina Dany piña 125gr,,0,5,3
1318,Danone Gelatina Dany mandarina 125gr,,0,5,3
1319,Danone Gelatina Dany uva 125gr,,0,5,3
1320,Danone Gelatina Dany limon 125gr,,0,5,3
1321,Danone Danonino vaso grande,,0,7.5,3
1322,Danone Danonino vaso chico,,0,4.5,3
1323,Danone mix fresa con choco arroz 142gr,,0,8.5,3
1324,Danone Mix fresa con azucaradas 143gr,,0,8.5,3
1325,Danone Oikos Frutos verdes 150gr,,0,9,3
1326,Danone Oikos Fresa 150gr,,0,9,3
1327,Danone Oikos coco rallado 150gr,,0,9,3
1328,Flan Dannette danone 200gr,,0,0,3
1329,Yogurt Danone fresa 125gr,,0,5.5,3
1330,Danone Danonino Fresa 70gr,,0,9,3
1331,Danone Danette Coco 100gr,,0,5.5,3
1332,Danone Danette Fresa 100gr,,0,5.5,3
1333,Danone Yogurt Fresa Sin trozos 410gr,,0,0,3
1334,Danone Yogurt Vaso Fresa 190gr,,0,7.5,3
1335,canela pza,,0,5,13
1336,Paleta Cupido 16gr,,0,2,12
1337,Maizena Cajeta 47gr,,0,7,13
1338,Paleta Tutsi pop 20gr,,0,3,12
1339,Chupa Chups 6gr,,0,1,12
1340,Pelota Chutazo 18.5gr,,0,4,12
1341,Chocolate Conejo Turin 20gr,,0,8,12
1342,Chocolate Baileys turin 10gr,,0,5,12
1343,Trident Valupack sandia 30.6gr,,0,12,12
1344,Trident Valupack Freshmint 30.6gr,,0,12,12
1345,Trident Valupack Yerbabuena 30.6gr,,0,12,12
1346,Trident Xtracare Yerbabuena 16.32gr,,0,7,12
1347,Trident Xtracare Menta 16.32gr,,0,7,12
1348,Pica Fresa Gigante 12gr,,0,1,12
1349,Pica fresa 6gr,,0,0.5,12
1350,Chicloso cajeta Coronado 6.2gr,,0,1,12
1351,Macarron de canela 20gr,,0,2,12
1352,Guduleta 17gr,,0,3,12
1353,Gudu varita 14gr,,0,3.5,12
1354,Rellerindos tamarindo 11gr,,0,1,12
1355,Halls Yerbabuena 25.2 gr,,0,6,12
1356,Halls Colors 25.2 gr,,0,6,12
1357,Halls Miel 25.2 gr,,0,6,12
1358,Halls Tropical air 25.2 gr,,0,6,12
1359,Huevo turin 20gr,,0,8,12
1360,MM Cacahuate 49.3gr,,0,12,12
1361,MM Chocolate 47.9gr,,0,12,12
1362,Lunetas Ricolino 90gr,,0,12,12
1363,Frescas Nestle 35gr,,0,12,12
1364,Halls Extra strong 25.2gr,,0,6,12
1365,Halls Mora azul 25.2gr,,0,6,12
1366,Winis Uva 18.2gr,,0,3.5,12
1367,Winis Naranja 18.2gr,,0,3.5,12
1368,Winis Limon 18.2gr,,0,3.5,12
1369,Halls Cereza 25.2gr,,0,6,12
1370,Halls Menta 25.2gr,,0,6,12
1371,Alka Menta yerbabuena 30.6gr,,0,7,12
1372,Alka Miel 30.6gr,,0,7,12
1373,Winis Cereza 18.2gr,,0,3.5,12
1374,Orbit polar mint 5.6gr,,0,2,12
1375,Orbit Menta 5.6gr,,0,2,12
1376,Orbit Hierbabuena 5.6gr,,0,2,12
1377,Trident Freshmint 5.2gr,,0,2,12
1378,Trident Fresa 5.2gr,,0,2,12
1379,Orbit Fresa 5.3gr,,0,2,12
1380,Trident Yerbabuena 5.2gr,,0,2,12
1381,Trident Mora azul 5.2gr,,0,2,12
1382,Canels Menta 5gr,,0,1,12
1383,Bubbaloo platano 5.5gr,,0,1,12
1384,Bubbaloo Yerbabuena 5.5gr,,0,1,12
1385,Bubbaloo Fresa 5.5gr,,0,1,12
1386,Bubbaloo Menta 5.5gr,,0,1,12
1387,Bubbaloo Tutti Frutti 5.5gr,,0,1,12
1388,Bubbaloo Mora azul 5.5gr,,0,1,12
1389,Trident Suave yerbabuena 10.2gr,,0,6,12
1390,Clorets 4´s 5.4gr,,0,2,12
1391,Clorets 7´s 18.9gr,,0,7,12
1392,Aero intense 25gr,,0,11,12
1393,Aero Milky 25gr,,0,11,12
1394,Piklucas Enchiladas 25gr,,0,6,12
1395,Jolly rancher sabores 33gr,,0,7,12
1396,Paleta Manita Vero 16gr,,0,2,12
1397,Paleta Tarrito Vero 16gr,,0,2,12
1398,Rocka leta  sonrics 24gr,,0,4,12
1399,Ferrero Rocher 37.5gr,,0,24,12
1400,Carlos V blanco 9gr,,0,2,12
1401,Larin Avellanas 24gr,,0,10,12
1402,Larin Naranja 24gr,,0,10,12
1403,Hubba Bubba 56.7gr Tutti Frutti,,0,16,12
1404,Bubbaloo Xtreme 16.6gr fresa,,0,3.5,12
1405,Bubbaloo Xtreme 16.6gr Mora azul,,0,3.5,12
1406,Bubbaloo Xtreme 20.5gr pik-fuego,,0,3.5,12
1407,Carlos V suizo 20gr,,0,8,12
1408,Paleta Elotes Vero 16gr,,0,2,12
1409,Paleta Sandi Brochas Vero 14gr,,0,2,12
1410,Super Rebanaditas 25gr,,0,3.5,12
1411,Kit Kat Nestle 41.5gr,,0,12,12
1412,Kinder Delice cacao 39gr,,0,10,12
1413,Kinder Bueno 43gr,,0,19,12
1414,Chocolate Kinder Maxi 21gr,,0,9,12
1415,Mazapan De la rosa Gigante 50gr,,0,4,12
1416,Mazapan De la rosa 12.5gr,,0,2,12
1417,Tic tac Menta 16gr,,0,7,12
1418,Tic tac Yerbabuena Twist 16gr,,0,7,12
1419,Tic tac Naranja 16gr,,0,7,12
1420,Tic tac Fresa 16gr,,0,7,12
1421,Tin Larin 21gr,,0,6,12
1422,Airhears bites 65gr,,0,10,12
1423,Cocadas Marsam,,0,7,12
1424,Larin Almendra 24gr,,0,10,12
1425,Turin Chocolate amargo 18gr,,0,10,12
1426,Larin sin azucar 19gr,,0,11,12
1427,Larin Nuez 24gr,,0,10,12
1428,Larin arandanos 24gr,,0,10,12
1429,Skwinkles clasicos 19.5gr,,0,6,12
1430,Skwinkles Rellenos 26gr,,0,6,12
1431,Skwinklote sandia 40gr,,0,7,12
1432,Skwinklote Tamarindo 40gr,,0,7,12
1433,Chupa Chups Xtremes Frutas 57gr,,0,10,12
1434,Skwinkles Salsagheti 24gr,,0,5,12
1435,Obleas cajeta coronado 14gr,,0,2,12
1436,Skittles Original 61.5gr,,0,7,12
1437,Paleta mango vero 16gr,,0,2,12
1438,Sour patch Kids 56gr frutas,,0,8,12
1439,Chocolate original Vaquita 35gr,,0,10,12
1440,Snickers 52.7gr,,0,12,12
1441,Milky way Bar 52.3gr,,0,12,12
1442,Cajetoso Cacahuate 45gr,,0,11,12
1443,Cajetoso Chocolate 45gr,,0,11,12
1444,Crunch Nestle 40gr,,0,11,12
1445,Lucas Muecas cereza 24gr,,0,5,12
1446,Lucas Muecas pepino 24gr,,0,5,12
1447,Lucas Muecas sandia 24gr,,0,5,12
1448,Lucas Muecas mango 24gr,,0,5,12
1449,Lucas Bomvaso limon 30gr,,0,6,12
1450,Lucas Gusano 36gr,,0,6,12
1451,Crayon Manzana verde 32gr,,0,6,12
1452,Pelon pelo rico mango 35gr,,0,5,12
1453,Pelon pelo rico Hot intenso 30gr,,0,5,12
1454,Lucas panzon sandia 38gr,,0,5,12
1455,Bon o bon cafe 15gr,,0,4,12
1456,Churlizz tamarindo 20gr,,0,5,12
1457,Abuelita Nestle barrita 12gr,,0,2,12
1458,Carlos V duo 16gr,,0,6,12
1459,Crackets gamesa 95gr,,0,9,8
1460,Emperador pirueta 180gr,,0,15,8
1461,Emperador combinado 171gr,,0,15,8
1462,Saladitas Gamesa 186gr,,0,12,8
1463,Chokis Gamesa 157gr,,0,15,8
1464,Cremax Chocolate 171gr,,0,15,8
1465,Emperador Chocolate 171gr,,0,15,8
1466,Arcoiris Gamesa 75gr,,0,12,8
1467,Cremax Vainilla 90gr,,0,10,8
1468,Cremax Fresa 90gr,,0,10,8
1469,Cremax Chocolate 90gr,,0,10,8
1470,Chokis clasica 63gr,,0,10,8
1471,Chokis Chocobase 84gr,,0,12,8
1472,Chokis Rellena 90gr,,0,12,8
1473,Marias Gamesa 170gr,,0,10,8
1474,Mini marias Gamesa 70gr,,0,9,8
1475,Marias Gamesa Azucaradas 150gr,,0,12,8
1476,Florentinas Fresa Gamesa 83gr,,0,10,8
1477,Florentinas Cajeta Gamesa 83gr,,0,10,8
1478,Barras Quaker Fresa 60gr,,0,9,8
1479,Barras Quaker Piña 60gr,,0,9,8
1480,Emperador combinado 101gr,,0,12,8
1481,Emperador Pirueta 106gr,,0,12,8
1482,Emperador Vainilla 101gr,,0,12,8
1483,Emperador Nocturno 101gr,,0,12,8
1484,Marias Doradas 224gr,,0,15,8
1485,Emperador Chocolate 101gr,,0,12,8
1486,Emperador Senzo Chocolate 93gr,,0,12,8
1487,Delicias Clasicas Gamesa 145gr,,0,11,8
1488,Barras de coco Gamesa 117gr,,0,11,8
1489,Maravillas Gamesa 116gr,,0,11,8
1490,Galletas Quaker Con Granola 60gr,,0,9,8
1491,Galletas Quaker Moras Y Yogurt 60gr,,0,9,8
1492,Galletas Quaker Frutos Rojos 60gr,,0,10,8
1493,Premier Mega roll 400 hjs,,0,24,13
1494,Special K nut bar Chocolate oscuro y almendras 33gr,,0,9,4
1495,Kelloggs Amaranto Quinoa y cajeta 27gr,,0,9,4
1496,Special K Nut Bar Arandanos y Almendras 33gr,,0,9,4
1497,Rice Krispies Treats Barra Kelloggs 22gr,,0,7,4
1498,Froot Loops Barra 18gr Kelloggs,,0,7,4
1499,Kelloggs Choco Krispis Barra 19gr,,0,7,4
1500,Zucaritas Kelloggs Barra 21gr,,0,7,4
1501,Mega RiceKrispies treats 37gr,,0,9,4
1502,Kelloggs Allbran Pasas 40gr,,0,7,4
1503,Kelloggs Allbran Manzana canela 37gr,,0,7,4
1504,Kelloggs Allbran Chocolate 40gr,,0,7,4
1505,Kelloggs Allbran Fresa 37gr,,0,7,4
1506,Kelloggs Nutri-Grain Frutela 37gr piña,,0,7,4
1507,Kelloggs Nutri-Grain Frutela Mora azul 37gr,,0,7,4
1508,Kelloggs Nutri-Grain Frutela Fresa 37gr,,0,7,4
1509,Snak Bonafina Chocolate 237ml,,0,8,18
1510,Vita Leche Entera 1 lt,,0,13.5,18
1511,Barista Bros cafe con leche 250ml,,0,17,18
1512,ACI ll Chile Y limon 50gr,,0,13,7
1513,ACI ll Mantequilla 35gr,,0,13,7
1514,ACI ll Caramelo 120gr,,0,15,7
1515,Jarritos Toronja 355ml,,0,7,1
1516,Manzanita Deliciosa 600ml,,0,10,1
1517,Chaparritas Mandarina 250ml,,0,7,1
1518,Red cola 355ml,,0,5,1
1519,Agua Skarch Natural 1 lt,,0,5,1
1520,Agua Skarch Natural 1.5 lt,,0,7,1
1521,Sangria Señorial 600ml,,0,10,1
1522,Sangria Señorial 2.6lt,,0,27,1
1523,Manzanita Deliciosa 3 lt,,0,25,1
1524,Skarch Frutale Manzana 1.5 lt,,0,10,1
1525,Skarch Frutale Naranja 1.5 lt,,0,10,1
1526,Skarch Frutale Jamaica 1.5 lt,,0,10,1
1527,Skarch Frutale Limon 1.5 lt,,0,10,1
1528,Clamato Vuelve a la vida 473ml,,0,19,1
1529,V8 El Original Jugo de Verduras 340ml,,0,8,1
1530,Schweppes Black 600ml,,0,10,1
1531,Aguafiel Naranjada 500ml,,0,7,1
1532,Aguafiel Frutal Jamaica 500ml,,0,7,1
1533,Aguafiel Natural 500ml,,0,5,1
1534,Squirt Toronja 237ml,,0,6,1
1535,pepsi cola Mini 237ml,,0,6,1
1536,Jarritos Tuti Fruti 355ml,,0,7,1
1537,Chaparritas Piña 250ml,,0,7,1
1538,Dr. pepper Cola 600ml,,0,10,1
1539,Peñafiel Twist Pepino 600ml,,0,10,1
1540,Peñafiel Twist Limon y sal 600ml,,0,10,1
1541,Peñafiel Mineral 600ml,,0,10,1
